52.87;54.56;50.73;41.75;32.07;27.31;0.05;0.12;10.83;23.75;33.6;43.4;48.3;46.57;40.19;37.12;40.66;70.33;54.2;61.23;71.04;60.36;58.8;47.15
43.96;36.74;34.35;30.1;29.66;32.27;36.1;44.43;54.52;57.72;59.97;61.81;65.42;59.03;59.86;64.93;53.57;73.71;81.71;74.65;61.25;57.01;62.53;54.54
38.71;39.43;38.33;35.99;36.74;36.37;32.67;34.97;40.78;41.56;46.56;57.41;58.35;60.09;46.57;45.42;53.19;64.38;63.48;55.91;39.16;41.04;44.56;34.43
30.11;34.17;35.03;25.62;25.13;25.37;5.64;24.57;35.14;42.52;45.23;54.88;51.96;55.47;47.6;47.72;49.49;61.26;76.04;72.36;54.56;55.24;68.81;56.97
43.94;42.87;35.36;29.72;29.64;29.8;43;50.06;44.45;49.03;49.05;56.75;58.02;58.01;48.48;46.6;66.27;83;80.97;77.94;68.85;54.1;60.94;48.59
45.98;42.41;42.23;39.99;39.03;39.15;38.08;49.42;46.17;50.05;52.54;62.97;60;57.6;50.88;48.92;60.1;71.02;71.02;60.05;53.93;40.07;44.42;41.06
41.24;39.44;36.56;35.05;35.4;36.04;44.51;70;67.93;70;73.27;78.05;80.69;83.08;73.7;76.02;90.01;104.55;87.97;83.03;78.03;64.93;55.94;48.41
62.07;52.04;52.1;49.16;48.01;60.03;73.01;104.63;92.83;97.29;98.97;104.87;98.97;97.32;87.93;80.51;82.09;100.85;110.09;94;81.02;65;66.03;48.07
49.88;46.02;43.98;42.75;43.9;42.14;53.96;96.03;90.06;99.96;99.19;98.75;94.93;89.4;78.6;74.22;83.01;103.59;108.84;90.03;82.9;64.03;67.92;56.6
60.89;48.57;40.75;40.64;40.38;39;33.08;34.52;40.35;55.75;70.57;70.04;62.53;46.53;42.51;40.24;44.11;72.08;81.06;70.08;51.58;42.41;44;37.05
68.15;44.84;41.3;40.04;39;34.94;8.37;24.89;34.54;29.22;38.37;44.27;38.97;34.5;31.53;28.5;35.87;55.75;68.92;49.66;43.03;34.64;42.09;29.3
34.56;30.01;31.17;29.18;24.97;38.01;38.92;70.58;81.03;80.97;81.06;81.01;70.06;71.9;60;55.09;66.52;84.82;94.94;81.05;67.92;42.68;41.27;29.29
40.24;37.4;36.92;32.18;34.51;40.54;50.98;81.05;77.11;81;81.06;86.81;89.59;92.54;90.78;88.44;92.76;114.99;128.38;104.41;81.05;72.07;75.93;69.55
54;50.65;44.43;40.82;38.99;48.51;70.24;94.96;100.25;95.06;101.67;95.71;88.45;84.75;87.72;81.03;80.26;94.09;103.04;91.88;89.6;75.21;69.79;56
51.15;47.67;42.59;42.41;43.75;49.06;73.38;100.93;106.06;118.83;120.05;120.09;115.4;111.4;100.35;99.74;99.21;123.08;159.92;101.41;81.03;60.44;54.88;49.81
54.03;44.09;46.02;45.23;45.41;49.58;66.43;89.02;94;91.27;88.11;86.46;87.48;78.7;70.27;65.07;70.42;82.47;81.08;78.09;60.52;50.01;55.14;51.93
50;41.49;41.62;40.81;40.38;41.27;43.2;48.03;54.73;57.8;63.07;65;63.27;57.44;51.34;47.35;46.34;58.06;67.34;60.67;54.4;45.26;51.4;45.03
40.02;33.85;28.29;26.3;27.31;23.23;-18.63;-0.03;23.35;38.94;44.44;51.38;48.34;40.04;38.9;38.93;32.33;49.92;62.5;61.14;46.08;41.38;51.33;43.9
38.14;33.32;32.18;24.06;20.68;38.04;48.74;81.05;81.03;81.04;80.25;77.66;69;64.94;59.77;49.64;53.57;66.63;72.08;72.09;63.17;49.69;48.87;47.62
31.36;31.39;30.2;23.97;28.1;30.8;42.37;70.57;64.95;67.05;71.92;73.92;69.11;72.01;73.36;70.54;70.59;84.4;91.64;79.09;71.98;57.33;55.71;49.56
40.87;40.7;39.29;37.58;37.04;40.77;49.65;74.11;70.99;72.07;71.24;73.18;72.08;76.85;70.99;67;69.11;78.02;81.24;79.05;66.16;49.58;51.1;44.1
45.8;40.72;39.17;36.94;35.85;38.94;48.51;78.06;87.57;81.07;78.02;72.05;66.39;59.9;53.45;47.9;50.73;59.97;64.04;51.98;53.67;44.62;45.77;39.77
34.16;34.83;33.33;29.37;25.74;33.19;39.39;61.41;58.05;59.93;58.97;62.27;60.29;56.38;51.19;47.8;49.6;73.32;75.07;69.93;51.05;42.61;42.44;36.82
33.83;31.65;28.93;20.54;16.54;16.64;8.84;26;38.09;44.38;49.4;52.18;50.43;46.28;41.32;39.53;38.05;63.25;62.97;59.91;50.52;44.68;46.05;37.03
46.32;45.79;45.12;39.52;34.7;30.57;22.85;35.81;27.94;32;41.17;52.91;51.29;44.78;38.1;36.55;34.83;43.41;58.62;59.63;52.24;47.57;49.36;44.34
33.7;30.08;29.84;25.01;25.29;32.37;40.82;81.06;73;75.47;75.02;78.02;78.03;78.04;75.04;63.06;70.02;82.67;105.47;81.84;78.06;56.17;62.94;46.47
47.5;41.91;39.21;34.91;33.98;37.19;50.7;83.61;79.66;83.08;83.5;88.52;76.54;74.97;65.56;60.35;61.98;75.12;85.5;73.67;67.1;55.02;57.97;42.81
45.43;39.57;36.9;34.96;34.97;44.03;51.79;79.31;80.03;82.77;80.95;81.35;76.31;70.29;68.06;62;63.07;73.04;86.79;77.51;60.78;62.01;56.69;42.6
55.91;47.91;41.27;39.56;37.1;42.37;60.08;108.49;86.55;89.19;83.39;89.88;87.2;87.31;80.08;73.06;73.01;96.59;100.09;80.08;80.6;46.92;45.63;45.25
43.37;43.53;42.76;39.59;40.75;41.87;48.96;75.01;81.49;82.11;84.46;85.28;76.59;70.5;63.2;53.22;54.48;69.04;77.28;68.8;57.58;46.42;53.36;48.34
41.02;37.33;38.04;36.98;35.57;34.99;33.08;34.97;43.26;52.43;56.19;57.78;53.93;46.94;44.7;41.75;40.18;52.78;63.55;53.01;43.55;37.22;44.03;37.5
47.33;45.4;39.51;37.51;33.3;29.01;20.01;27.91;38.28;39.51;40.03;45.61;43.6;35.71;29.49;26.86;25.75;41.92;49.15;50.66;47.09;35;37.39;29.92
32.93;29.51;29.36;30.11;29.54;33.61;39.91;64.03;63.94;66.22;63.99;66.29;68.7;63.02;46.22;43.71;48.17;62.52;71.43;64.38;52.47;41.99;39.79;35.5
34.08;32.19;31.26;27.51;29.47;36.23;40.41;65.9;67.07;72;69.9;76.64;76.1;76.55;70.08;65.25;70.08;78.66;115;85.27;75.38;55.05;53.39;47.19
47;46.48;44.99;45.55;42.91;47.56;60.64;85.28;79.55;81.95;79.13;84.56;73.67;72.75;70.02;63.13;63.08;68.97;87.95;75.06;63.01;54.95;51.16;47.43
45.72;43.5;44.08;37.57;38.34;40.64;50.05;72.07;73.26;71.81;70.29;72.29;71.07;64.68;59.22;55;49.65;58.32;80.08;69.96;61;50.53;50.81;46.37
38.39;37.97;37.47;35;35.06;41.06;45.1;64.91;70.08;73.15;75.29;75.06;72.04;68.77;59.94;48.92;48.02;61.93;72;62.47;56.16;51.81;54.58;46.72
53.63;45.16;36.39;34.14;26.86;26.87;24.49;35.07;37.59;46.74;56.54;60.08;60.05;52.81;50.91;44.69;43.67;51.21;70.27;64.07;49.78;39.8;51.45;37.04
40.29;35.01;33.89;28.95;29.32;28.17;19.02;21.06;26.16;30;39.93;45.54;44.31;37.47;35.08;35.82;35.54;47.05;64.84;63.89;52.26;47.55;53.01;51.4
40.15;38.41;35.14;30.1;25.61;35.56;52.7;79.5;76.03;74.83;74.54;75;73.05;70.24;69.7;63.92;67.04;75.79;124.75;80.21;64.97;54.9;53.48;39.72
36.25;35.01;33.5;22.66;17.14;32.56;38.57;52.85;48.78;51.92;58.69;61.92;59.96;60.25;60.81;50.87;46.01;54.5;61.1;54.5;55.77;44.02;40.24;33.15
35.01;32.72;28.91;27.95;25.67;29.6;40.43;63.94;52.6;58.07;59.98;60.81;57.28;56.48;52.38;46.06;43.04;60.54;81.03;70.1;58.02;48.29;49.05;38.03
39.12;37.04;35.14;33.54;33.03;36.49;46.39;68.37;62.74;64.94;63.96;64.92;61.94;57;52.54;47.79;48.38;58.08;75.4;68.14;56.79;44.8;52.91;42.94
44.45;39.58;43.73;39.4;37.09;42.55;52.91;81;70.51;73.12;74.53;73.2;70.06;62.57;53;44.9;43.62;52.35;71.29;67.02;56.83;49.03;52.76;46.69
44.97;38.5;37.33;35.71;35.29;35.63;29.08;31.77;37.48;45.06;47.98;51.47;47.53;38.72;39.42;38.33;39.41;44.76;60.1;60.77;50.71;39.43;48.01;39.48
38.01;36.45;35.08;34.72;34.48;31.73;19.53;22.88;29.05;28.95;31.97;40.62;35.66;32.12;31.93;28.62;25.22;28.38;46.18;44.44;46.06;36.21;49.1;35.13
42.15;41.97;39.8;40.24;41.28;46.97;60.07;94.91;67.97;72.04;76.53;85.26;90.56;83.99;78.54;69.65;56;63.98;112.75;90.51;73.38;55.09;52.31;45.81
36.8;33.93;32.54;28.31;28.2;28.85;45.04;61.28;59.84;65.02;66.88;69.54;63.51;63.71;60.22;54.94;47.17;59.92;79.54;70.03;60.47;46.94;46.23;42.7
36.79;37.56;37.2;35.92;32.48;36.9;45.76;58.07;60.03;63.98;63.95;63.89;60.72;59.05;57.14;51.37;46.92;50.02;70.04;68.84;57.49;52.02;51.66;46.74
44.8;42.54;41.55;37.58;35.55;39.62;46.96;61.25;58.89;62.49;64.75;65.23;60.1;58;55.88;50.07;44.34;57.61;69.59;63.92;54.35;47.88;48.19;43.25
42.88;38.48;35.31;34.36;34.55;36;40.38;59.23;53.46;57.43;57.93;57.99;56.59;53.6;50.04;43.64;43.5;48.91;63.55;64.96;55.08;46.17;47.26;43.65
45.28;41.68;40.23;37.56;36.46;37.59;37.14;45.67;45.14;52.9;58.1;60;58.05;52.05;41.79;40.08;38.44;40.32;54.97;49.93;42.94;39.73;40.37;34.59
34.41;25.62;20.12;14.97;12.89;9.48;-17.9;20.31;16.52;32.82;39.04;41.87;41.32;34.4;24.01;16.45;14.41;23.96;39.5;45.56;29.71;27.4;31.96;20.8
15.7;14.95;14.98;5.71;1.2;16.96;28.39;37.44;35.99;46.06;49.81;50.41;49.85;48.76;43.57;40.15;38.39;40.06;56.71;58.4;55.19;50.25;48;41.24
38.46;37.01;36.75;33.52;33.25;37.56;51.24;65.16;53.92;56.96;57.07;59.82;57.99;57.53;50.09;45.91;43.53;50.04;65.9;59.55;59.03;49.12;46.56;37.54
32.81;30.46;29.02;29.99;27.19;30.34;37.8;47.71;51.96;53.47;53.45;57.02;53.15;52.06;50.57;41.55;37.73;38.63;53.46;49.92;43.8;36.5;35.71;30.86
34.8;29.04;29.12;25.56;26.01;28.1;38.84;46.53;49.53;49.09;48.66;47.26;43.02;39.49;37.53;35.71;34.08;35.21;46.53;46;41.01;36.38;36.51;29.06
29.45;26.13;23.04;22.93;25.96;31.91;39.25;46.53;46.73;49.96;50.88;51.21;49.02;46.59;40.4;38.35;36.4;39.29;60;57.08;46.52;41.84;43.5;38.57
37.67;34.58;32.9;32.17;31.17;31.08;24.53;29.09;35.44;45.75;48.11;49.05;44.92;44.35;37.13;36.08;37.95;45.52;57.08;57.09;49.01;38.34;39.65;35.12
38.04;36.48;34.2;35.01;36.03;32.24;17.59;20.01;37.29;40.19;37.34;49.07;47;38.11;37.24;37.3;37.81;47;69.02;52.79;51.05;50.57;54.64;49
36.2;34.5;32.35;27.24;29.06;33.87;48.56;67.9;52.87;53.76;53.79;51.45;51.07;50.62;51.07;53.47;49;51.06;60.56;59.44;52.17;46.08;44.27;37.57
31.96;30.49;27.23;27.99;27.21;29.53;38.19;46.64;54.93;50.15;52.05;50.01;47.01;46.34;45.56;41.2;39.93;41.08;53.94;51.01;41.2;35.4;34.34;30.57
32.98;27.92;27.79;26.14;27;30.3;36.16;43.53;41.3;45.78;46.57;47.02;46.59;42.67;41.26;38.19;38.07;40.11;69.78;59.59;48.61;43.51;41.85;36.52
32.43;28.58;26.18;26.8;26.13;33.58;45.06;55.98;55.01;57.78;57.1;59.03;55.95;55.06;53.05;46.07;41.08;40.09;53.49;55.07;48.52;42.37;38.5;30.98
28.99;25.5;26.12;28.96;29.56;28.07;35.07;46.58;47.1;49.07;49.61;49.96;49.48;47.01;43.81;39.81;38.81;39.95;51.03;52.53;46.5;41.41;42.77;33.9
34.53;30.66;30.69;30.04;29.9;29.07;26.01;28.32;35.96;43.46;43.18;44.77;43.42;38.22;34.07;30.61;31.33;34.67;48.27;49.02;40.7;35.21;37.9;28.33
27.28;21.76;16.38;13.74;16.25;4.02;-109.97;-50.6;0.02;4.56;12.1;21.55;19.33;16.34;13;14.05;20.2;26.81;39.96;49.03;41.03;35.74;34.12;25.25
28;15.45;4.58;9.83;22.27;28.86;42.27;55;51.01;50.04;48.86;49.3;47.08;46.86;42.24;40.04;37.49;41.45;52.51;55.8;47.08;38.68;35.79;26.06
26.87;26.12;23.07;24.97;26.17;28.16;31.78;42.01;39.64;43.97;45.2;47.06;47;46.57;46.56;42.69;45.91;45.93;74.5;89.92;48.56;42.93;43.54;36.07
33.98;31.08;29.86;27.63;28.34;33.84;40.65;47.05;49.54;54.96;52.75;51.84;47.01;44.32;41.8;39.26;38.27;39.93;49.03;53.33;48.77;42.96;42;34.68
33.72;30.45;28.62;30.16;31.14;31.08;37.04;47.09;47.63;55.58;51.84;55.81;51.41;45.02;43.77;40.61;39.61;39.09;48.21;57.07;42.5;37.51;37.54;31.58
31.45;28.82;25.06;24.64;26.85;33.17;41.18;50.02;48.1;53.64;54.95;53.63;46.67;46.01;41.14;42.17;39.91;45.08;51.9;60;52.03;45.49;46.02;40.53
37.26;34.54;33.96;31.51;30.65;30.58;31.5;33.6;36.99;38.86;40.34;40.39;39.15;34.56;33.24;32.59;32.48;33.77;41.88;44.6;36.52;34.12;35.44;34.76
29.34;21.63;18.26;15.2;14.58;16.14;-0.02;8.17;18.87;22.48;29.4;33.79;32.11;24.17;21.08;20.3;21.58;31.11;41.2;50.34;45.63;46.06;51.28;42.13
25.68;27.1;25.11;19.29;19.06;28;37.51;46.07;47.01;47.48;46.08;46.1;46.08;46.07;44.03;42.04;36.89;36.96;43.52;48.65;46;40.87;37.93;33.01
32.18;29.54;26.5;23.65;22.23;29.65;37.51;47.54;47.96;47.02;46.44;45.99;44.39;41.97;37.06;33.15;33.27;33.28;38.38;46.16;43.64;38.05;37.85;32.82
25.75;22.45;21.99;20.81;21.64;26.12;33.47;41.87;42.76;43.21;43.65;44.03;41.69;39.99;37.58;36.16;34.6;36.19;46.1;56.7;45.58;45.58;41.14;34.54
30.01;27.1;27.29;29.52;30.5;33.79;39.7;48.07;44.09;45.45;47.32;46.05;44.01;41.09;37.29;34.52;31.49;33.8;42.04;48.01;54.14;36.05;35.1;30.31
32.57;29.52;29.42;26.12;27.71;31.9;37.58;45.56;48.7;49.03;49.04;53.2;45.31;41.9;38.9;37.68;37.13;34.6;44.05;47.1;43.55;38.05;39.5;37.53
36.35;33.97;33.71;31.82;30.25;30.06;27.27;30.24;33.91;39.95;43.82;40.55;40.16;35.18;32.32;27.44;25.94;31.47;39.96;47.04;44.66;37.86;39.96;33.91
39.81;33.28;29.82;29.59;26.17;26.41;15.6;16.36;22.04;23.05;29.44;34.6;32.74;23.04;15.45;1.34;2.11;12.03;22.93;34.2;28.97;25.94;34.54;16.1
3.17;-4.87;-25.03;-0.01;9.92;29.46;38.95;46.4;43.96;40.1;40.06;41.99;40.07;40.95;40.94;37.7;32.81;36.35;41.34;44;43.9;42.03;41.88;30.02
25.38;21.45;21.35;20.15;22.77;29.12;40.02;47.03;43.75;43.92;43.94;44.9;42.3;42.05;39.98;36.85;33.84;34.33;42.06;67.62;57.14;50.3;42.85;37.43
34.19;32.8;31.48;28.21;27.96;33.28;34.93;42.04;44.03;44.07;43.98;45.32;45.32;45.37;47.27;47.02;45.05;44.02;48.03;50.04;45.64;39.35;36.96;34.65
32.98;33.33;31.89;30.07;29.67;35.38;42.89;55.51;60.03;56.22;54.51;55.07;44.85;43.56;39.41;38.22;35.54;33.97;38.24;40.7;38.62;34.58;34.68;30.66
29.09;23.98;22.05;19.56;20.05;28.67;33.99;39.02;38.13;41.97;42.26;42.43;40.32;38.83;37.49;34.87;35.5;36.94;40.53;50.01;44.99;38.16;38.48;35.53
34.96;34;31.24;28.72;24.08;24.4;22.76;28.84;35.4;39.4;41.18;41.83;40.53;38.68;35.03;32.04;31.42;35.94;40.65;45.36;39.5;32.62;35.35;33.74
29.78;25.05;22.845;20.64;15.76;14.77;15.1;15.61;24.01;31.45;32.93;36.59;37.4;34.99;31.52;26.12;22.55;28.6;40.53;44.03;45.03;42.07;41.25;37.18
33.89;31.02;28.21;24.83;28.19;33.35;46.6;59.21;65.78;59.67;55.17;54.91;49.31;45.99;43.6;38.78;35.37;32.38;34.29;38.04;45.64;44.06;41.94;36.13
29.73;30.56;29.79;28.81;28.92;32.5;38.44;51.37;49.02;49.54;47.47;47.04;45.14;43.99;40.23;36.69;34.82;37.73;37.95;38.96;44.06;41.23;36.88;34.05
30.99;30.45;29.06;28.12;28.85;31.67;38.41;45;62.28;58.53;63.81;58;50.66;44.85;42.01;37.59;35.1;34.11;35.2;37.88;42.07;38.97;35.31;34.74
30.69;27.08;22.03;24.66;18.11;27.67;36.58;44.49;48.03;49.88;46.59;47.96;45.18;42.26;39.44;46.5;43.1;39.11;40.96;42.08;44.99;41.33;36.58;30.07
29.96;26.23;27.45;27.33;27.44;30.26;34.79;43.3;45.19;46.6;46.42;46.47;44.66;42.31;41.46;37.74;35.87;35.02;35.6;37;42.14;42.18;40.71;36.01
32.15;22.97;21.06;22.06;24.79;24.42;26.43;31.07;40.84;44.08;44.01;44.02;42.73;37.52;36.41;32.18;30.77;32.69;35.09;36.99;44.03;45.09;42.08;35.8
22.07;21.08;21.05;23.17;20.75;17.13;20.05;22.07;31.25;36.29;35.18;36.82;38.22;34.74;31.98;27.25;23.23;26.93;31.32;34.97;41.05;39.54;39.1;37.91
32.3;28.41;27.64;22.06;20.05;31.15;44.08;43.04;46.01;46.04;44.34;44.24;43.8;42.45;40.91;40.48;39.54;38.85;40.55;42.8;42.09;40.65;35.7;31.71
17.52;7.91;0.27;8.25;9.3;18.1;29.73;38.13;41.84;42.03;43.96;44.24;43.78;41.94;41.92;39.54;36.58;35.01;36.63;38.62;42.26;40.12;34.4;32.87
24.87;22.07;22.42;22.79;21.28;26.98;40.76;41.93;43.49;44.33;44.12;44.63;41.95;39.85;37.42;34.57;33.6;34.5;35.2;38.06;45.03;42.05;38.68;32.48
22.77;15.85;4.05;16.5;18.03;26.19;36.28;39.43;42.98;46.01;45.08;46.92;47.82;40.93;37.63;37.05;40.46;38.58;39.13;41.1;42.44;36.4;36.6;32.86
27.07;20.81;17.92;16.07;12.54;17.06;29.16;33.15;35.92;38.15;40;40.94;40.02;35.69;31.94;23.79;22.57;27;31.6;33.14;36.38;35.75;33.37;12.99
18.21;0.15;0.04;0.19;3.12;14.53;18.17;23.3;28;35.08;37.84;41.63;41.58;37.88;33.96;33.32;31.21;33.6;33.47;36.39;37.89;33.88;37.96;29.42
22.52;4.46;0.66;16.06;4.01;12.01;9.49;12.35;21.56;28.02;29.38;36.11;32.11;23.28;18.91;14.63;12.23;15.02;26.48;32.44;34.06;33.81;35.09;28.72
29.66;17.98;10.41;8.4;7.7;8.46;12.91;10.55;16.24;31.53;34.24;35.75;34.02;26.37;15.37;9.87;10.57;12.74;23.46;35.55;46.03;42.84;34.67;36.68
30.17;18.6;4.14;10.16;11.88;29.35;43.29;45.28;46.43;48;48.67;50.08;48.64;44.75;40.47;42.14;37.84;37.12;37.8;40.25;44.04;43.18;38.06;29.3
21.3;18.7;11.65;8.86;13.45;22.05;31.75;38.33;44.18;45.62;45.47;46.93;45.99;42;40.93;36.21;33.53;31.57;31.06;27.92;34.3;32.17;31.03;22.09
19.18;5.95;6.95;6.61;7;23.05;33.93;45.48;44.5;45.82;48.08;47;44.48;45.93;40.81;39.58;36.48;34.54;37.9;39.66;44.19;41.02;37;32.43
22;10.06;1.03;1.71;19.41;27.86;34.72;37.31;45.44;48.78;47.95;46.71;45.02;41.03;39.89;37.28;34.59;34.59;34.52;34.59;39.87;39.53;29.96;31.06
23.47;23.08;22.53;17.82;16.12;21.24;19.83;22.08;32.42;34.66;35.73;34.65;31.5;23.45;21.94;23.08;23.05;19.94;21.42;18.51;20.18;25.08;15.02;18.23
23.03;16;9.9;4.36;4.36;4.06;-0.58;3.18;16.09;21.98;29.32;29.35;30.99;23.08;18.1;10.32;9.98;14.37;19.34;21.98;30.53;36.53;36.85;30.19
24.73;22.06;23.1;18.72;19.1;26.83;39.98;45.1;58.45;56.08;53.81;50.87;48.73;47.05;41.07;39.83;37.43;35.12;35.59;36.03;42.99;44.05;40.57;34.46
27.48;30.72;27.39;25.22;27.06;31.77;36.06;43.09;45.05;46.81;52.96;55.93;45.05;44.02;42;37.51;38.76;39.06;38.35;40.98;43.03;40.95;37.91;33.6
29.53;23.25;21.49;20.56;21.65;28.14;40.46;43.95;54.08;50.1;49.96;47.64;43.02;38.16;38;39.95;38.28;35.73;37.39;37.26;41.81;41.35;39.43;32.96
28.07;22.3;22.21;22.14;28.91;29.57;34.59;46.2;44.78;45.44;59.02;64.97;63.08;51.91;42.57;41.45;38.4;37.48;39.25;38.24;42.21;41.06;40.04;33.9
31.13;29.55;26.01;27.15;25.65;32.09;42.07;47.06;52.06;54.87;51.96;52.49;42.67;36.09;38.15;35.89;37.92;37.27;37.45;37.96;43.05;37.95;34.54;28.21
30.92;23.02;18.65;17.01;8.04;19.65;12.89;23.08;33.35;35.02;39.92;39.95;39.98;34.82;29.44;26.77;23;27.21;37.51;40;40.08;40.85;41.02;34.65
17.79;18.57;18.57;10.4;18.91;22.04;18.79;20.97;22.98;23.96;29.52;30.87;29.77;21.91;15.06;6.33;5.35;17.92;29.65;32.16;40.01;35.67;33.98;7.4
22.91;16.96;15.45;10.78;1.19;24.2;29.72;34.08;42.01;42.08;42.07;48.18;39.58;40.05;39.54;39.88;39.93;40.12;41.18;42.03;44;43.49;40.03;32.99
30.1;27.82;22.97;23.44;28.07;31.09;40.02;43;56.49;46.91;50.91;59.92;46.41;42.04;41.07;41.03;41.05;41.01;40.1;40.08;41.07;42.45;40.05;34.28
28;27.28;23.04;23.04;26.84;27.99;37.93;50.99;70.21;64.19;59.91;68.02;51.93;43.09;42.01;38.69;35.64;34.54;33.78;34.09;39.71;36.67;35.8;32.12
29;27;23.04;22.79;25.62;28.25;32.3;41.74;42.02;42.06;43.04;47.46;42.05;42.02;43.49;40.87;37.17;36.09;36.68;41.04;50.54;47.46;37.95;32.71
22.08;16.08;14.95;8.92;6.98;14.34;-0.01;1.03;21.97;31.48;35.93;41.03;41.08;38.92;30.24;21.91;11.63;21.21;26.33;27.49;33.45;40.04;39.07;30.78
23.49;22.59;22.05;19.17;21.01;22.08;28.09;35.82;39.9;41.23;41.62;42.02;41.05;40.08;35.95;35.65;32.99;35.53;36.1;36.39;34.64;37.31;35.74;34.59
28.53;23.97;22.03;15.61;12.36;9.98;10.29;12.21;22.8;29.46;31.2;34.69;34.59;31.06;25.65;23.59;19.51;23.34;27.78;27.67;31.93;36.58;34.83;32.4
-16.67;-151.67;-13.08;-50.04;-99.72;-1.85;31.75;42.09;53.95;42.5;49.09;58.38;50.07;45.07;42.05;39.96;34.62;34.02;38.77;38.72;42.07;42.02;35.15;22.25
27.7;25.09;22.05;16.72;16.05;25.03;34.57;41.31;45.04;45.67;51.93;55.98;53.95;47.44;41.05;41.05;37.46;40.78;40.04;39.34;36.15;35.91;37.53;23.34
26.27;22.04;11.61;0.93;8.83;23.8;35.11;40.1;42.13;44.07;47.97;49.59;47.24;45.97;43.08;42.07;42.9;43.03;45.4;45.39;44.08;47.41;43.01;32.91
29.41;26.92;24.39;21.61;22.75;27.77;33.21;44.06;48.14;48.37;46.87;45.09;43.09;41.92;41.79;38.2;37.24;35.5;37.5;36.87;42.03;44.72;40.96;35.13
33.88;30.28;27.91;23.06;20.08;26.09;37.42;44.03;41.52;41.4;42.03;42.09;42.04;33.47;33.35;34.35;33.25;32.26;33.38;34.55;40.98;40.09;37.76;31.92
24.35;19.23;11.8;8.53;7.83;7.09;0.96;21.07;34.05;41.82;42.07;42.49;42.05;36.08;35.07;30.91;31.82;35.02;35.4;37.84;39.67;39.94;35.96;24.19
21.68;13.79;7.97;5.3;6.87;9.01;5.62;19.76;28.59;33.22;33.84;36.88;34.67;32.25;33.76;24.08;25.68;33.76;33.69;35.24;37.97;37.79;36.3;26.98
13.52;11.7;9.47;9.74;17.56;18.76;35.65;46.42;43.23;46.12;46.36;48.03;46.43;45.67;42.02;39.37;38.02;35.78;36.49;34.93;33.09;33.36;33.74;26.49
21.07;8.58;9.09;4.91;4.93;22.06;35.97;44.06;48.06;49.67;54.1;50.07;46.95;44.09;39.9;35.89;36.01;34.57;34.52;34.08;35.85;36.1;37.16;27.7
23.09;22.87;19.09;18.47;16.58;23.1;30.53;36.78;41.83;43.82;44.88;49.9;46.91;42.49;42.05;41.09;39.39;41.95;39.38;39.38;38.52;38.45;35.47;29.58
22.25;15.93;12.88;4.32;6.87;20.03;29.92;42.98;42.76;44;44.35;47.38;45.46;42.47;41.12;40.02;35.97;34.77;35.46;35.96;34.49;35.19;34.41;27.18
16.03;9.9;6.08;0.01;0.57;8.69;31.52;38.03;41.39;42.33;45.01;48.21;44.68;42.28;40.38;36.72;37.53;38.05;39.87;37.09;35.52;36.24;36.48;30.75
34.16;26.82;9.95;7.11;6.93;7.62;20.99;23.2;34.61;40.42;41.46;41.12;40.2;41.3;34.95;36.5;35.02;35.39;37.84;38;36.3;39.16;42.53;35.38
25.02;18.79;8.18;3.77;0.08;-0.04;-12.31;-0.12;10.5;23.08;28.37;31.11;24.9;21.68;17.47;14.55;11.86;18.15;22.95;28.91;27.06;35.36;34.65;25
14.25;3.91;1.69;1.56;1.78;23.08;42.27;70.22;60.51;50.94;57.47;54.91;48.92;45.03;43.5;38.5;37.78;40;41.04;40.91;42.05;44.99;40.04;36.67
31.99;30.98;30.52;28.41;28.41;31.27;33.19;40.46;49.08;50.15;52.3;61.99;60;53.93;46.94;45;42.09;39.99;39.88;38.01;40.61;36.79;40.07;33.22
30.08;31.14;29.58;26.92;29.24;25.53;37.84;44.1;43.02;46.53;50.02;56.95;48.69;43.84;38.04;36.47;38.1;37.19;37.05;35.9;42;41.14;39.94;34.39
32.24;28.92;26.02;23.1;23.07;23.07;22.88;39.51;43.7;34.4;38.15;45.03;45.33;44;37.06;35.03;35.37;36.61;38;39.45;42.06;39.39;40.32;29.23
20.04;13.72;5.56;2.91;1.07;14.28;24.12;36.97;40.18;41;44.01;45.04;45.07;41.1;39.82;32.86;28.04;27.76;29.01;30.65;30.78;33.62;35.82;33.18
27.86;21.07;17.39;12.21;9.26;11.38;16.19;27.15;26.42;26.96;31.07;34.98;34.1;30.08;30.98;30.03;31.95;33.61;35.31;35.91;36.13;37.43;38.58;31.93
26.91;22.5;21.55;10.19;5;4.2;3.84;16.47;24.22;33.22;33.66;39.38;42.9;34.79;30.91;27.22;24.25;31.63;38.1;42.9;43.89;42.18;45.1;38.09
21.9;20.88;10.29;10.04;23;24.24;41.56;61.34;49.71;48.03;52.81;60.05;54.35;49.89;49.02;39.89;42.56;40.63;40.68;38.53;40;38.78;38.44;33.35
24.69;17.92;8.09;0.36;0.49;15.78;29.35;40.33;42.62;44.08;45.03;45.45;43.26;39.99;37.02;35.06;38.41;35.8;37.2;35.87;30.8;31.29;30.76;21.5
17.79;7.34;-1.93;-1.94;0.03;21.11;32.26;45.62;44.28;43.28;44.05;46.31;44.01;45.02;42.97;42.43;34.26;37.05;36.74;39.74;41.34;42.93;41.84;35.15
25.08;25.14;24.85;11.85;16.49;14;31.52;37.44;41.14;42.39;47.47;51.43;48.18;47.04;38.07;33.07;37.21;37.94;36.64;35.99;36.19;35.04;37.57;33.54
25.15;21.85;20.5;1.9;9.13;18.51;32.27;42.69;43.35;46.09;49.52;49.44;45.09;33.75;29.67;29.55;32.62;31.41;32.61;31.06;32.8;32.19;35.39;31.15
28.92;23.46;22.56;18.27;2.35;4.32;7.99;17.9;35.07;43.54;39.8;39.77;39.96;36.85;31.97;25.09;20.8;23.3;24.46;24.42;20.82;24.46;29.38;27.92
-0.07;-0.29;-1.75;0.19;0.08;-0.12;0.48;6.4;20.81;29.67;33.8;33.85;29.03;24.09;14.98;7.69;8.87;18.07;25.46;28.07;29.75;34.02;34.44;27.09
17.06;5.12;0.11;-1.93;-0.01;-6.84;-0.06;7.12;22.54;22.84;29.05;29;27.41;23.48;21.5;16.33;16.26;21.88;27.96;25.52;32.5;32.15;40.01;30.92
25.09;9.81;17.04;23.5;8.64;22.19;35.45;44.29;43.41;46.03;48.59;52.16;45.09;43.08;41.15;39.35;37.29;35.37;34.77;34.53;33.85;32.3;29.8;20.02
20.27;9.08;0.07;0.45;0.75;5.43;27.77;42.04;38.74;40.12;42.69;46.18;42.75;42.08;43.01;37;35.82;38.43;37.63;36.28;35.83;36.07;36.69;32.2
27.74;25.96;19.99;14.78;24.67;27.02;36.98;43.05;45.1;44.6;46.13;49.28;46.05;44.91;44.06;43.59;41.4;36.23;36.97;38.29;41.84;38.96;43.18;33.14
29.74;27.02;27.05;24.97;24.95;28.55;35.06;43.96;45.19;45.07;45.81;53.45;45.07;41.56;40.02;38.09;40.01;42.02;42.98;41.42;38.91;38.36;41.41;39
33.54;32.32;27.84;24.27;23.51;19.93;21.03;31.85;35.94;42.04;42.04;44.09;42.45;37.85;33.75;36.92;35.62;36.83;37.58;37.9;37.55;37.99;40.69;35.12
29.81;25.06;23.06;20.87;5.03;2.69;1.02;7.49;26.25;31.74;36.64;37.46;36.54;34.07;32.8;30.76;28.66;31.32;32.45;35.78;36.56;38.9;37.3;32.24
19.57;18.52;13.36;7.09;6.94;16.86;32.1;41.19;46.41;43.2;49.52;53.95;53.41;55.07;49.68;48.1;46.17;50.64;55.51;49.5;45.76;42.06;44.06;39.49
29.68;26.58;25.28;25.22;21.53;23.29;32.97;40.8;44.85;51.23;59.55;62.09;54.14;54.12;51.9;42.31;41.3;39.61;37.16;35.52;39.87;35.58;38.25;32.61
30.61;23.84;21.63;21.02;17.08;25.04;35.84;44.09;46;46.07;45.76;49.67;44.6;42.02;39.93;37.93;37.3;40.26;42.15;42;37.95;37.49;39.44;35.46
31.98;27.41;22.96;21.56;19.71;21.08;26.03;33.23;37.14;36.54;37.3;42.27;36.1;32.33;31.91;27.1;27.14;32.08;34.01;32.4;34.91;36.02;34.3;27.12
22.12;16.34;6.28;3.65;8.11;14.79;26.06;36.58;41.07;38.9;40.98;40.48;40.07;32.95;30.91;29.28;26.07;23.07;26.94;27.11;27.58;26.03;29.25;25.27
31.7;22.93;18.96;15.51;15.92;11.52;16.62;22.99;25.79;30.57;35.71;35.07;33.64;33.61;32.82;30.33;27.42;28.94;35.06;35.39;33.56;33.26;43.97;35.95
30.1;23.07;18.92;12.11;16.66;9.91;5.11;16.51;25.01;27.97;31.04;36.97;37.82;33.65;29.12;26.96;27.02;32.6;34.99;37.28;38.45;34.92;42.12;39.93
28.53;24.39;21.55;18.54;20.25;23.47;36.93;46.09;46.65;50.09;57.19;74.91;57.26;57.45;54.55;48.01;44.39;41.39;42.61;39.73;38.45;38.54;40.18;34.26
32.05;28.36;26.91;25.3;25.72;26.98;36.18;42.93;46.98;51.04;53.92;61.32;52.04;47.35;44.24;40.79;38.35;38.96;37.89;38.77;42.12;41.7;43.8;39.4
26.41;22.61;19.95;15.98;17.13;19.05;27.59;34.03;41.26;44.88;47.94;53.69;48.08;46.73;46.38;44.16;40.21;40.19;41.59;42.01;37.8;35.71;34.8;30.97
31.18;26.14;21.09;17.68;10.02;23.6;33.94;40.78;42.88;45.48;51.02;55.21;50.01;48.35;43.88;41.43;40.63;42.91;42.14;40.75;40.11;39.07;42.56;35.16
31.06;28.03;23.32;22.31;22.43;26.43;34.53;43.65;45.32;47;48.05;50.39;45.32;36.62;32.28;31.39;35.66;34.86;34.68;32.69;31.11;31.04;31.04;31.18
29.19;25.67;20.03;16.94;15.09;7.83;12.4;25.42;28.52;34.88;38.15;41.53;41.96;36.75;34.36;31.81;29.55;29.27;32.09;31.41;29.99;29.75;32.31;28.08
22.75;18.5;14.04;9.49;8.75;3.47;1.45;10.95;20.7;29.64;34.01;36.98;35.51;34.2;27.09;25.63;24.3;24.49;27.52;30.93;29.15;32.58;37.14;31.08
22.7;11.95;7.62;3.4;4.32;6.54;31.93;41.26;45.05;43.52;45.04;46.54;46.05;43.89;39.12;40.11;41.29;40.03;39.26;40.91;38.32;36.16;36.09;32.23
26.7;22.69;15.42;10.75;15.04;22.67;32.27;38.32;42.16;44.67;46.46;49.47;44.44;42.42;40.86;40.3;37.94;34.69;35.8;34.35;35.08;32.53;36.58;30.82
26.83;20.28;18.67;12.54;13.46;22.73;36.02;44.86;44.2;45.21;45.58;48.93;44.65;42.17;37.4;32.17;35.07;35.71;34.78;34.8;36.6;34.46;35.06;30.62
32.1;26.79;22.61;16.17;20.98;25.22;31.87;42.45;41.99;44.97;49.12;54.98;50.69;48.8;44.1;40.01;36.3;37.11;36.79;37.4;39.64;37.09;39.02;34.33
30;28.18;27.08;25.16;24.98;27.16;32.38;39.63;41.3;45.59;45.19;53.52;45.02;36.86;41.01;40.39;36.08;36.08;35.13;34.72;34.75;34.8;38.06;32.18
30.85;27.09;22.99;21.04;16.68;11.06;21.05;27.11;33.43;38.88;38.47;40.29;41.47;35.52;36.24;33.23;33.4;34.22;35.51;35.07;32.32;31.63;37.33;32.8
20.97;15.06;14.28;0.09;-3.14;-0.82;-5.08;-0.02;19.12;28.07;33.69;36.94;35.92;29.97;27.13;24.99;24.98;29.22;34.55;34.96;33.29;29.43;35.01;27.01
30.05;26.05;22.97;16.01;9.98;24.41;35.29;38.04;42.47;47.02;52.32;60.07;53.44;51.95;46.91;43.39;42.95;40.45;40.92;39.18;37.56;36.35;39.89;34.71
33.19;29.89;28.49;27;27.76;27.39;37.04;39.09;43.03;46.53;57.1;65.79;63.64;58.94;47.96;41.6;45.52;43.78;40.9;44.01;40.63;39.81;38.42;37.49
30.97;28.25;28.3;27.35;27.32;28.56;34.89;51.64;60.7;74.43;80.1;84.98;75.07;74.91;64.8;50.96;46;48.94;42.04;39.13;39.3;37.93;36.39;31.63
32.69;31.84;29.25;27.04;27.34;30.05;32.29;37.13;43.86;50.55;80.34;102.64;77.18;71.74;66.82;54.96;46.96;47.78;44.03;41.01;37.87;38.4;38.51;35.33
34.12;31.51;28.45;26.31;25.39;26.91;32.51;39.86;51.53;59.24;70.31;72.65;74.15;63.31;52.72;45.37;45.93;42.67;44.46;40.55;38.28;37;38.92;38.49
37.92;33.49;31.7;27.63;26.66;26.02;26.82;33.85;40.91;41.65;43.68;45.07;43.96;39.22;36.07;40.58;35.55;35.75;36.07;35.97;37.72;36.47;39.88;35.83
32.59;28.01;25.84;23.09;21.83;19.07;12.49;23.02;30.86;34.54;35.89;39.27;39.25;35.08;32.88;32.74;32.11;32.41;35.37;37.69;37.62;37.69;45.36;38.11
36.34;30.39;26.87;24.5;25.82;29.5;45.07;50.19;49.91;56.49;71.6;75.67;56.34;51.56;47.05;46.07;39.92;40.34;45;45.05;45.24;39.79;42;39.49
29.66;27.36;22.85;19.97;20.45;25.08;33.9;41.7;44.78;47.22;48.08;49.32;46.34;44.63;44.19;40.34;40.52;39.49;37.07;38;38.77;37.62;36.54;33.85
34.96;27.21;18.8;23.23;23.01;25.03;34.09;42.06;45.08;46.86;54.54;64.87;54.06;48.16;46.06;42.49;40.93;40.8;40.54;38.42;33.54;34.11;37.8;35.4
30.46;26.05;24.19;17.92;20.41;25.5;36.05;41.06;42.68;45.14;45.92;55.6;47.36;43.07;42.06;36.63;35.09;34.18;36.39;35.18;35.83;35.27;39.33;32.25
29.66;25.94;23.03;15.92;14.96;20.49;26.96;32.22;40.01;40.94;44.08;47.18;44.02;36.06;35.07;39.59;38.81;38.06;37.81;36.07;31.08;29.6;31.93;29.01
35.07;32.95;30.34;25.12;23.91;21.99;21.32;27.41;31.38;36.36;40.07;41.01;34.96;37.29;33.78;32.42;31.98;34.93;37.37;38.35;35.87;36.88;40.71;38.15
37.95;33.06;33.53;29.29;25.88;17.6;17.61;26.08;27.32;29.81;36.45;37.45;36.35;32.13;32.39;27.94;27.31;30.45;33.02;36.61;36.54;38.68;39.61;34.58
33.26;28.06;23.07;23.01;23.05;30.55;34.12;32.53;40.35;42.45;45.92;51.64;51.03;50.01;48.35;52.01;46.18;44;41.95;40.17;40.06;37.92;42.34;37.58
32.09;30.05;28.02;27.71;26.03;25.09;32.68;40.08;40.02;40.34;42.56;48.01;50.09;44.01;42.91;37.77;36.21;36.04;38.67;39;39.12;39.91;40.98;36.81
32.83;31.27;28.81;27.94;27.98;31.61;37.51;45.18;43.06;46.75;54.97;59.38;57.77;54.37;48.96;43.91;41.49;41.52;42.02;40;40.09;39.4;40.42;32.04
33.83;29.93;28.53;23.07;23.05;26.1;32.09;39.38;42.08;45.06;54.99;61.86;55.76;52.4;49.92;41.8;44.01;43.22;43.12;39.58;39.56;37.55;40.65;35.15
31.13;28.97;26.04;25.03;23.99;29.22;34.21;37.54;41.69;42.55;44.28;44.09;39.81;38.16;34.25;37.12;36.08;36.42;37.27;37.26;35.69;36.07;38.29;33.93
35.74;32.02;28.61;25.49;23.62;17.76;22.02;28.61;32.03;35.93;40.08;40.86;41.42;36.99;34.2;34.24;33.49;34.47;33.51;34.34;26.1;24.44;29.84;25.19
11.19;11.11;6.45;6.05;4.05;3.77;-0.15;17.92;20.42;27.54;28.55;34.83;34.73;28.78;21.29;23.03;22.01;26.04;30.7;32.31;34.62;39.5;41.48;30.66
28.56;24.21;10.93;4.29;8.03;17.73;34.19;40.09;43.6;43.68;48.13;51.7;47.39;45;42.74;40.09;34.8;35.04;36.31;41.75;40.02;40.54;42.38;39.05
26.58;23.93;20.42;18.86;21.9;28.34;35.55;40.4;43.91;46.11;48.25;54.09;48.43;45.19;46.06;42.05;39.15;37.27;38.29;34.19;34.91;35.67;35.07;29.09
29.15;21.3;23.1;12.59;8.65;22.26;30.09;34.04;40.31;45;49.89;59.45;52.61;46.08;43.09;42.31;40.91;39.37;40.37;37.52;37.98;35;40.57;32.71
34.12;32.5;27.81;25.02;23.38;26.05;31.54;36.92;39.98;43;45.85;56.26;50.51;47.07;45.08;43.38;42.06;40.07;42.09;38.33;37.82;36.45;39;33.06
32.94;28.47;25.11;24.03;23.06;28.53;35.72;44.04;42;44.5;52.85;55.82;47.05;39.97;35.86;31.51;31.98;34.65;35.29;35.74;34.11;35.01;35.8;32.69
27.06;18.03;12.53;12.95;11.32;12.17;14.79;18.81;25.3;28.72;30.55;32.63;27.06;18.1;12.51;8.36;8.31;12.68;22.05;24.18;23.03;25.06;29.55;23.15
31.9;21.72;23.07;8.17;8.65;6.99;9.3;9.86;25.06;29.82;36.22;35.95;36.07;30.96;33.92;31.29;31.69;35.47;33.99;34.98;34.72;39.19;43.09;35.9
30.39;25.02;16.39;6.46;5.35;13.04;31.56;39.99;44.99;46.12;49.76;60.38;55.02;47.98;46.29;42.04;39.79;37.87;38.14;37.19;34.15;34.16;35.64;29.89
23.97;20.49;10.06;17.07;19.17;21.27;30.62;34.28;37.15;39.03;43.34;47.91;46.13;43.4;42.43;40.1;39.04;39.7;40.03;38.59;39.8;38.58;38.23;34.2
28.18;28.02;24.89;11.35;13.07;21.46;28.57;34.98;34.12;38.33;42.95;50.63;47.25;42.91;41.05;39.04;37.07;36.03;36.02;34.4;33.06;33.96;33.98;25.91
21.3;10.31;1.38;2.35;1.35;7.73;28.89;35.4;37.31;34.17;36.6;38.43;38.02;35.5;33.5;30.6;33.53;32.27;31.84;33.68;31.28;34.12;35.43;29.93
21.27;15.06;13.33;12.56;13.55;22.06;32.98;43.34;41.92;41.92;44.07;47.76;47.03;42.08;40.12;38.28;39.02;39.03;38.08;41.06;38.71;38.48;38.77;32.26
34.55;30.2;27.57;23.95;21.24;20.4;21.43;23.57;28.08;33.97;38.07;40.04;40.82;37.81;35.45;33.92;31.48;34.68;37.07;36.67;34.68;35.04;35.65;28.06
27.15;22.1;9.86;14.78;8.83;15.64;7.96;14.6;20.31;29.17;30.05;34.91;34.31;31.52;27.69;27.09;25.8;27.6;31.54;33.02;29.5;30.48;34.71;25.14
21.07;19.48;14.11;10.85;11.57;21.96;24.63;23.53;33.26;38.61;45.08;48.85;45.54;42.15;42.15;39.04;38.04;38.04;39.16;37.91;39.02;41.62;39.98;31.25
28.94;25.02;23.04;10.01;9.97;17.39;34.41;44.36;38.3;46.97;50.21;51.35;50.27;47.98;46.93;44.38;41.61;40.13;38.09;35.94;32.51;34.58;35.72;32.13
20;16.9;11.22;8.6;5.95;18.84;27.97;38.04;35.99;38.03;45.06;49.08;51.78;45.95;44.63;43.04;37.91;38.23;38;35.93;34.01;36.23;34.99;27.99
28.81;26.99;19.9;13.03;18.8;27.91;32.53;29.22;38.28;45.54;52.56;55.83;53.08;52.02;47.59;38.29;40.1;39.5;36.92;38.27;37.35;37.59;36.32;32.33
31.44;28.94;23.33;14.33;17.2;20.94;29.96;38.04;38;43.5;48.71;51.58;48.72;43.96;38.04;35.22;34.66;34.41;34.16;30.01;35.09;33.99;35.21;31.23
25;23.44;19.66;8.44;6.13;8.06;9.55;26.87;31.45;32.85;34.32;36.08;36.71;36.03;35.03;35.87;35.99;35.99;35.05;34.77;33.03;34.06;35.94;32.72
30.85;23.38;19.63;14.41;9.05;6.85;6.68;7.71;23.59;30.84;35.57;38.2;38.04;35.97;33.22;31.08;31.51;34.21;36.05;37.96;36.1;39.92;39.21;31.45
28.31;17.92;12.16;6.57;7.03;25.93;36.52;44.93;43.94;40.01;46.89;50.3;50.71;47.4;45.02;46.97;40.65;39.81;40.56;38.74;38.97;40.95;38.71;35.59
28.71;15.5;14.05;18.7;24.2;32.27;35.04;41.64;42.06;39.6;44.37;46.93;45.24;42.1;40.03;36.08;34.69;34.78;36.01;35.21;33.86;34.92;32.99;28.64
26.91;12.06;7.67;4.96;4.91;21;30.31;35.23;38.47;42.64;44.63;48.45;46.88;43.26;40.64;37.7;37.09;36.84;37.74;38.1;34.32;35.09;34.34;28.51
27.68;23.6;15.09;7.98;15.05;25.33;32.2;36.06;36.03;38.49;44.21;45.76;46.54;43.62;40.36;39.92;36.2;35.47;35.34;33.07;35.69;36.73;37.71;32.21
30.08;24.17;17.81;17.59;18.08;25.04;32.36;37.18;41.93;42.85;47.33;49.61;49.67;45.74;44.92;41.06;39.14;40.13;41.51;38.48;39.35;41.5;41.3;34.1
35.97;32.19;30.9;24.01;18.03;17.42;18.07;26.56;28.45;34.94;34.94;35.21;34.93;33.08;28.88;28.87;26.78;31.38;34.1;34.67;36.04;36.03;36.12;28.76
26.52;18.05;8.79;7.01;6.08;6.97;4.53;11.92;23.27;30.43;36.03;36.32;33.35;22.76;16.05;12.11;11.38;16.34;25.09;28.47;36.08;40.77;39.65;35.21
25.11;18.03;7.11;4.84;6.77;24.33;35.79;44.42;45.43;52.93;49.97;50.11;51.12;48.26;47.04;43.24;42.36;41.86;41.16;39.07;39.03;40.31;38.7;33.32
29.99;26.45;20.04;15.16;20.03;26.91;33.95;42.52;44.57;47.94;50.32;59.83;63.1;51.31;56.62;49.36;44.51;44.63;44.61;44.65;43.9;43.45;42.75;34.17
25.54;24.28;24.21;22.02;22.04;23.49;29.26;37.39;42.09;46.73;55.37;60.33;58.38;58.16;49.54;45.8;43.84;43.57;42.55;39.6;43.31;42.06;37;30.28
27.88;24.38;19.37;14.53;21.93;22.05;31.84;34.23;41.01;49.44;55.71;59.03;62.17;50.38;45.15;42.35;41.35;39.87;40.07;39.56;41.1;40.69;39.09;33.96
31.54;28.87;26.04;24.59;24.86;32.2;41.09;50.62;52.38;59.09;63.75;67.83;70.07;55.88;52.65;46.03;45;44.7;44.99;42.99;41.68;44.95;43.31;38.03
36.43;34.31;29.58;28.96;30.28;31.77;34.87;38.08;41.33;44.03;45.91;47.33;47.19;42.93;41.59;40.54;39.39;40.24;42.77;44.18;44.02;43.76;44.32;41.66
36.11;35.75;31.26;26.01;29.9;29.15;23.08;23.07;29.3;31.28;37.69;41.25;42.46;38.49;36.05;33.09;30.84;34.03;39.95;41.08;44.16;45.83;43.86;34.77
26.65;29.12;24.68;14.27;13.59;24.1;31.29;39.07;46.62;58;69.97;79.92;75.07;66.28;59.07;51.37;52.24;48.97;53.63;49.78;49.95;45.46;40.1;35.2
27.05;21.09;21.27;23.13;22.52;26.58;34.69;43.21;57.77;69.67;91.68;117.99;87.02;88.99;67.82;64.4;53.03;54.14;50.12;47.65;49.85;46.97;40.86;34.86
34.68;33.48;28.94;21.26;29.09;32.11;45.03;56.5;57.46;62.17;71.21;99.04;79.4;70.08;60.04;50.53;47.94;48.42;49.08;46.05;48.68;46.05;41.95;36.62
32.5;31.33;29.9;29.06;27.8;30.19;37.11;42.56;55.6;66.61;89.97;116.83;90.07;73.98;70.62;65.26;54.19;51.08;51.2;53.01;53.73;50.92;46.29;36.36
35.84;30.99;30.03;27.87;27.04;29.03;41.64;43.26;55.59;58.6;61.48;63.7;58.93;48.19;43.69;39.41;36.06;38.15;39.8;39.09;40.23;39.04;37.03;32.08
34.95;29.4;28.51;26.95;20.04;23.06;25.46;28.98;34;43.96;43.23;45.91;44.94;42.62;35.08;31.33;29.92;32.47;36.69;37.54;42.31;43.56;40.98;34.55
10.1;-2.04;-29.92;-5.01;0.05;0.09;1.92;4.99;9.96;23.32;25.1;27.4;25.08;11.34;10.17;7.14;7.71;15.31;26.84;35.87;39.79;42.99;43.93;35.04
22.37;19.67;19.38;19.16;19.18;29.05;39.97;43.96;49.01;51.17;52.45;57.33;56.86;58.51;55.54;54;50.4;49.03;48.2;47.91;51.37;47.81;36.74;32.97
26.96;22.23;13.44;8.64;8.18;20.05;31.16;40.49;44.55;47.58;53.47;52.94;48.99;46.96;45.1;43.57;39.84;42;44;44.15;47.98;45.96;41.73;34.06
30.84;24.4;18.65;9.16;18.02;31.17;38.95;43;48.1;49.32;51.08;54.19;51.07;50.04;49.47;47.91;46.64;46.91;48.06;46.82;50;47.12;43.98;37.14
31.16;23.71;18.93;14.66;16.07;28.99;44.99;48.19;52.47;50.08;53.04;55.13;51.39;46.7;40.14;36.21;36.21;40.23;40.34;37.5;41.06;40.31;33.42;29.05
9.96;0.57;0.07;1.86;3.43;11.87;30.01;38.4;40.98;43.31;44.91;48.03;45.06;44.1;43.41;41.36;40.42;40.21;42.78;40.12;37.15;35.27;32.94;17.16
31.59;19.35;2.02;-0.11;0.04;0.11;2.91;9.93;19.15;31.96;33.26;40.49;34.93;35.25;29.41;28.38;26.66;29.04;33.15;36.9;40.15;28.6;32.64;22.24
17.47;12.63;10.13;10.16;10.07;10.15;10.09;9.09;8.8;17.76;29.3;33.22;29.44;29.02;21.03;21.11;20.34;24.57;29.34;28.37;42.64;36.6;35.07;29.43
23.01;20.46;11.32;10.95;12.53;18.46;33.3;43.07;47.49;50.63;51.09;56.77;54.38;52.01;50.07;46.61;44.28;42.19;43.08;50.09;54.62;45.46;39.31;34.24
33.53;26.19;25.91;20.03;20.6;29.22;44.12;52.49;58.99;64.15;63.54;64.65;62.39;67.05;63.93;58.72;50.53;49.29;48.03;49.54;53.99;45.08;37.37;31.79
32.9;29.27;25.01;26.53;28.51;33.07;42.13;48.49;57.1;60.44;60.85;65.28;62.19;61.22;52.54;46.95;45.05;43.19;42.36;47.85;53.93;45.38;40.87;36.3
32.39;27.81;22.42;21.59;23.56;30.26;44.81;52.54;55.01;56.99;59.61;62.63;55.59;57.59;50.7;46;43.15;42.35;42.28;45.25;51.52;44.44;37.31;34.32
30.6;25.97;20.13;17.84;12.66;25.2;42.71;49.37;51.06;53.91;52.86;55;51.08;46.48;42.5;40.94;39.67;42.18;43.58;46.83;51.57;43.61;39.12;36.39
33.54;29.07;24.77;19.09;20.03;22.05;28.96;31.49;36.2;42.51;44.8;44.88;45.25;40.22;40.05;35.72;33;35.64;36.15;37.08;44.75;41.32;34.22;28.55
34.98;29.06;21.99;12.57;11.9;15;14.31;18.97;29.99;37.25;36.69;40.84;42.11;35.04;31.29;28.63;24.18;32.11;34.95;42.42;49.04;44.31;43.27;31.34
27.48;20.93;12.55;10.08;15.16;29.09;40.77;46.92;50.06;51.39;50.76;51.87;46.95;45.83;38.99;37.63;39.47;38.66;37.76;42.55;50.08;35.95;31.34;10.02
23.7;11.01;8.85;8.02;7.08;18.56;33.24;42.38;40.03;40.62;44;48.36;47.46;47.1;44.47;42.33;43.91;42.97;44.05;48.01;52.5;40.62;35.64;35.32
21.05;15.13;14.94;15.14;22.58;25.37;43.41;51.14;49;50.14;49.05;51.09;48.52;46.95;44.99;41.7;35.94;37.87;37.35;43.7;48.11;41.96;32.64;32.66
30.91;25.34;20.03;14.82;17.73;28.08;46.1;53.5;53.15;52.91;51.96;55.04;55.06;53.89;52.44;48.98;47.4;46.74;48.03;53.99;57.83;44.66;39;33.92
30.09;24.82;22.75;22.44;22.29;30.73;42.9;52.08;53.94;55.95;53.99;57.08;53.32;49;44.02;40.93;40.44;37.27;41.19;48.76;50.07;41.03;37.05;33.48
33.95;31.94;28.11;23.85;23.51;23.13;27.01;31.89;37.25;44.41;44.37;44.89;45.42;39.95;34.64;34.57;34.57;39.05;42.59;47.17;48.74;39.32;38.82;36.53
23.99;17.63;18.05;19.9;19.16;20.74;23.83;24.68;28.55;30.83;35.52;41.8;42.7;33.91;28.51;27.39;25.69;28.25;34.04;48.44;51.39;46.11;37.47;32.66
26.2;23.87;23.54;10.62;18.03;27.82;50.83;59.59;67.44;68.37;71.97;74.7;67.5;62.71;60.78;54.99;49.22;49.04;52.04;59.08;59.95;45.92;40.03;35.17
30.98;26.03;22.98;20.04;19.35;21.74;42.83;54.9;58.5;62.06;61.71;60.68;54.6;51.16;51.33;44.47;41.73;41.97;44.74;57.45;53.98;41.56;40.89;33.07
27.73;19.13;15.04;12.06;21.98;27.18;37.88;49.78;59.97;59.75;57.48;61.85;57.43;55.17;50.55;44.65;41.2;42.21;48.94;61.08;60.71;42.85;37.64;34.24
28.19;26.53;26.01;26;24.19;28.38;43.27;55.12;61.05;60.44;60.36;61.89;61.26;60.98;60.17;52.91;44.84;43.23;46.95;59.55;60.09;42.38;42.49;37.96
34.27;28.44;25.19;20.07;26.33;29.78;48.03;55.2;59.71;61.03;62.82;63.85;55.67;50.74;48.08;42.57;38.68;38.66;41.72;49.07;53.32;42.37;41.39;36.48
36.13;29.84;27.43;23.29;24.02;26.51;27.43;31.79;39.71;43.04;43.97;47.41;45.97;41.25;39.69;36.58;36.08;36.65;41.09;49.52;49.32;41.63;41.39;35.07
34.73;28.36;25.98;23.64;22.5;23.01;18.06;17.19;28.43;29.58;38.84;42.58;41.36;34.21;31.41;29.38;29.39;35.12;40.16;51.03;54.74;48.99;44.39;37.85
30.04;25.93;23.04;22.72;22.32;24.57;41.7;62.16;67.95;65.08;63.06;65.48;61.37;61.54;55.69;49.01;42.38;40.94;48.67;65.72;60.41;41.34;31.7;27.09
26.97;21.82;19.02;13.09;19.02;25.94;41.42;54.72;64.96;69.89;66.79;73.58;67.96;70.39;67.97;60.01;55.96;51.33;58.01;73.82;73.87;50.05;43.63;38.21
32.17;30.95;28.94;28.42;28.98;34.63;55.93;79.66;81.35;98.96;105.96;117.79;82.51;81.05;87.98;72.64;65.83;54.96;61.9;76.86;70.31;49.06;48;40.63
32.61;29.05;19.4;14.52;13.23;22.43;37.8;59.57;69.07;65.11;64.69;66.89;61.54;57.02;47.92;42.32;37.81;37.94;44.05;64.92;58.07;41.03;36.56;31.61
31.88;28.44;27.77;24.79;26.69;30.92;42.23;68.53;70.84;72.12;70.12;72.06;55.78;48.98;45.82;42.91;38.63;41.55;51.23;72.95;65.6;48.02;41.62;47.69
42.34;35.82;33.46;26.05;24.35;22.93;26.96;25.97;26.95;33.49;32.53;41.32;38.85;28;23.54;18.12;14.03;20.17;31.6;49.06;45.56;33.44;19.01;-22.15
0.05;-105.76;-500.02;-100.09;-60.09;-25.04;0;11.35;24.89;27.18;31.44;43.47;34.93;11.06;11.08;11.6;22.73;26.99;40.52;58.85;53.39;42.99;33.42;27.02
26.63;20.1;14.01;5.65;8.35;26;48.75;68.15;64.78;72.69;73.35;79.03;69.91;70.49;69.03;66.08;60.61;57.57;72.92;86.61;71.83;51.16;40.21;36.02
36.05;30.39;26.88;23.18;24.89;28.95;69.34;94.98;107.95;110.51;112.65;101.91;81.79;78.3;76.09;68.03;55.45;54.1;57.61;70.54;63.8;39.57;36.97;30.7
26.49;14.07;4.19;2.15;6.53;19.85;32.68;46.46;56.92;59.95;68.07;75.04;71.95;67.48;63.59;71.12;68.03;69.07;80.4;182.05;107.15;58.99;44.99;35.83
31.97;30.15;22.5;23.54;25.91;27.47;44.92;64.04;66.11;74.74;75.64;95.1;75.05;72.17;69.32;61.12;56.68;51.64;59.1;75.02;62.62;45.29;42.12;38.3
32.46;28.73;27.09;26.91;24.57;32.05;45.47;66.86;75.14;78.02;74.92;76.98;66.96;62.88;57.69;48.43;41.92;40.21;45.44;56.69;52.57;38.26;38.61;34.91
35.74;30.99;25.18;23.58;17.28;18.14;27.2;33.12;33.41;42.66;46.76;47.87;50.09;42.07;37.97;34.01;32.48;38.45;46.41;58.05;50.35;41.62;40.53;38.44
35.3;34.06;28.82;20.07;14.49;15.31;25.15;26.28;32.85;34.68;38.86;43.99;42.94;33.26;28.13;21.65;19;26.39;40.62;53.52;50.05;42.43;36.91;23.55
27.44;14.99;18.34;11.07;12.06;31.44;41.8;54.95;49.26;50.58;47.7;49.45;46.09;44.66;38.2;32.75;30.99;37.95;49.49;60.53;53.1;46.23;43.29;31.08
27.9;23.62;19.57;27.1;22.19;24.24;38.96;64.98;63;63.04;59.51;55.07;45.84;44.18;44.06;38.04;34.5;34.09;51.19;61.81;52.9;37.06;32.69;30.66
34.08;30.94;31.94;24.04;26.81;27.42;45.43;77.13;66.51;62.9;60.78;60.06;48.49;54.96;45;39.77;47.45;38.53;48.33;60.07;50.01;38.99;37.42;35.03
35.1;31.94;30.59;31.02;28.35;28.89;45.84;59.94;61.02;63.92;62.77;66.88;61.06;58.1;45.84;38.94;37.27;39.39;61.03;77.93;61.06;41.89;47.16;38.99
34.44;32.62;28.59;27.92;29.25;35.65;58.02;78.79;65.07;59.06;58.96;58.01;44.37;37.26;35.55;34.76;32.67;37.13;38.87;47.01;37.2;35.07;30.56;28.5
32.6;30.7;31.34;30.78;31.96;31.98;33.48;38.81;42.6;44.18;54.24;57.04;46.29;43.81;37.14;38.67;43.22;58.03;55.96;69.09;50.17;42.93;36.69;38.04
35.09;34.11;33.08;33.35;33.21;32.45;27.78;27.75;30.77;35.42;40.99;54.37;48.87;41.35;36.96;33.22;32.49;33.34;49.94;63.32;57.09;40.49;37.33;34.16
35.26;32.97;33.51;33.01;34.09;37.07;57.03;76.93;80.96;84.31;86.88;90.08;85.92;88.34;64.22;60.04;53.59;52.75;85.41;90.06;58.09;41.86;39.25;34.41
36.19;35.12;35.05;33.33;33.68;37.28;50.15;82.9;79.85;80.03;73.38;75.72;69.16;60.64;47.14;41.04;39.58;41.91;60.05;70.42;49.98;40.52;37.56;32.96
35.09;31.92;28.97;28.92;31.03;32.81;48.09;72.96;77.2;77.5;71.68;78.54;74.58;69.32;57.26;46.29;41.19;42.06;59.55;62.03;48.05;41.06;44.94;39.41
32.49;31.01;30.71;28.68;29.83;30.85;39.88;60.01;59.53;58.39;60.33;64.23;58.08;61.17;54.94;44.85;46.27;54.72;87.89;93;68.98;45.08;39.1;35.42
29.96;33.97;32.07;27.49;27.45;34.8;50.54;90.06;90.95;94.82;93.17;92.49;86.01;69.48;60.01;45.45;41.58;45.05;71.49;85.01;59.05;42.59;40.26;31.9
39.4;35.15;34.08;33.24;31;32.06;33.99;31.06;31.91;39.8;43.97;46.04;43.65;36.32;34.97;34.04;35.72;35.55;54.5;59.03;36.88;38.59;41.9;33.72
14.68;0.06;0.46;0.07;0.86;7.84;9.16;22.89;26.34;31.89;34.76;38.75;41.62;36.69;32.19;33.99;28.79;38.55;47.8;57.04;43.68;39.65;41.5;30.25
31.85;25.85;24.56;20.02;20.73;27.52;35.32;40.81;45.3;45.15;44.58;43.22;43.66;43.5;37.57;37.96;39.62;59.05;64.93;62.03;41.17;38.64;39.16;34.62
35.07;31.88;28.65;26.91;28.56;32.62;45.03;70.97;75.65;74.5;73.75;72.65;65.06;63.67;63.06;60.03;61.58;87.31;90.07;80.01;62.39;51.37;48.03;39.46
32.44;29.83;28.43;27.86;28.35;32.91;44.79;66.04;75.64;78.12;81.11;82.66;77.71;70.56;69.97;62.18;60.03;77.02;85.46;71.53;62.04;41.55;37.39;32.07
40;34.4;34.19;29.03;32.06;34.61;48.4;78.87;85.01;80.07;75.06;73.56;71.02;77.02;77.38;72.7;70.42;84.51;80.02;70.76;52.8;39.78;39.11;35.7
34.3;32.41;30.46;29.59;30.84;30.35;42.05;51.03;59.02;61.55;63.04;56.98;54.74;42.95;40.45;37.11;38.45;50.22;54;52.51;40.61;38.48;39.1;36.57
39.9;37.07;33.9;29.6;28.41;31.27;35.02;36.52;40.97;43.97;43.55;46.88;45.03;44.23;41.09;39.48;42.36;60.19;64.02;59.02;42.95;39.72;42.92;38.17
38.47;37.75;36.94;31.13;28.2;28.02;24.35;23.71;33.93;34.75;39.38;42.68;43.8;38.35;31.48;26.85;26.05;42.26;59.34;49.12;35.09;31.66;33.93;30.93
12.28;10.36;13.92;28.35;30.94;33.82;39.77;68.86;47.05;52.14;58.97;70.63;57.83;59.97;69.86;62.13;62.29;110.02;112.1;69.37;49.24;43.8;40.26;36.51
34;31.04;30.55;27.46;29.91;34.42;38.98;61.96;69.94;65.08;70.03;69.98;61.29;56.42;55.3;53.01;50.14;73.47;59.06;43.1;36.04;38.91;36.77;29.67
27.89;18.09;17.86;1.98;14.39;22.64;34.42;37.69;40.52;40.55;41.6;46.19;43.21;43.37;42.01;40.99;47.31;76.02;73.49;56;38.93;34.85;38.9;34.05
27.86;20.03;19.02;7.87;18.02;25.7;37.3;43.07;39.14;41.1;42.42;47.51;44.38;43.74;41.55;43.52;50.05;64.98;75.17;60.03;42.37;37.27;37.02;33.86
30.01;27.38;24.3;24.32;24.38;28.35;41.92;51.53;48.86;50.51;56.09;59.06;51.14;42.86;38.96;38.28;39.2;56.6;63.08;43.14;56.09;40.97;36.01;32.69
33.41;28.35;27.01;25.48;20.34;14.97;3.99;7.05;33.83;37.49;34.12;36.88;37.83;36.56;34.54;33.86;36.46;46.76;61.18;52.23;36.58;35.78;38.4;35.14
36.9;31.36;27.27;22.58;14.17;10.74;10.01;19.86;26.48;36.86;36.59;37.4;37.51;34.13;34.34;28.02;31.14;37.64;46.09;46.78;33.78;37.09;34.86;33.95
28.38;25.05;11.48;1.28;0.87;13.46;32.87;36.52;35.22;36.11;36.65;40.01;43.62;47.03;47.57;45.03;47.13;62.35;77.95;62.08;46.09;42.48;42.5;37.86
34.78;29.83;29.9;28.33;28.38;33.59;47.13;84.33;49.93;50.03;52.28;56.37;55.45;56.08;51.59;51.48;56.75;86.51;80.9;52.17;38.98;37.33;40.87;36.73
33.79;30.46;27.69;24.58;24.61;29.49;33.88;38.9;39.89;44.61;46.97;49.05;52.06;42.9;37.45;37.28;39.5;61.94;63.1;59.07;47.58;50.07;39.05;35.06
33.74;30.49;28.69;23.95;25.15;30.36;41.78;47.25;46.91;46.55;55.02;61.99;57.65;56.58;59.16;52.36;57.28;74.78;73.72;52.54;43.57;36.39;38.21;34.09
31.59;27.61;24.65;21.79;23.62;30.33;37.09;44.09;52;47.75;47.96;52.03;46.08;42.04;40.6;40.38;42.15;54.41;48.97;42.78;40.04;36.77;35.4;31.33
34.02;27.5;15.24;12.91;11.97;12.94;27.41;33.55;34.19;38.42;36.77;38.74;43.01;36.53;35.03;34.46;34.92;43.99;50.38;50.38;45.95;35.37;36.69;32.02
22.69;2.3;0.1;0.76;3.07;7.52;6.85;8.81;22.53;31.53;35.12;37.71;36.87;35.28;32.37;29.75;33.49;51.1;50.39;50.8;44.32;39.77;41.73;34.41
28.27;14.97;8.63;9.83;19.2;28.29;40.44;60.04;52.02;52.86;52.81;54.37;53.27;50.82;42.93;40.35;41.66;52.84;54.14;46.12;37.43;34.04;34.88;24.52
23.53;21.45;19.37;15.89;16.27;26.42;38.7;46.23;47.03;48.42;47.07;46.49;45.71;46.25;43.72;42.57;45.56;60.93;64.62;57.92;38.91;36.75;35.58;33.9
23.81;20.67;13.96;10.06;10.25;27.34;34.57;40.22;40.53;39.36;37.93;38.5;36.53;36.69;37.37;35.3;36.65;43.97;48.1;44.39;47.74;37.31;35.66;27.33
22.42;19.38;13.85;18.89;22.44;30.84;35.87;53.23;39.77;38.63;38.84;40.98;38.8;38.48;37.55;36.24;40.32;53.5;62;43.42;37.72;33.52;37.57;28.76
27.26;15.7;14.36;13.01;14.45;21.39;34.5;43.19;38.23;38.23;38.88;39.36;38.9;37.79;35.41;34.05;35.88;52.81;51.9;40.65;35.54;34.23;37.21;28.08
31.71;29.4;29.01;27.91;27.04;27.4;29.74;29.88;32.59;36.54;45.28;47.98;42.58;39.12;37.12;36.52;39.07;55.39;46.06;38.63;35.29;34.15;33.84;31.1
29.51;26.62;20.73;14.47;10.78;10.17;10.22;13.83;21.55;29.84;31.72;34.51;37.27;30.95;28.71;28.55;32.74;40.03;44.98;43.26;38.44;30.13;33.46;21.42
0;-9.92;-43.88;-44.9;-10.04;13.73;35.32;59.96;38.74;35.99;36.42;38.03;36.02;35.55;37.28;38.05;45.16;56.8;50.1;44.07;41.67;36.24;31.91;21.03
13.04;-10.1;-50.01;-149.94;-10.03;23.59;37.42;50.88;38.51;37.91;41.79;46.41;41.53;41.83;40.04;38.29;44.05;62.61;46.94;37.31;35.73;36.16;33.62;26.29
23.35;5.86;0.14;5.63;14.61;25.42;32.83;43.92;37.57;37.16;36.85;36.95;36.58;37.14;36.72;36.95;42.05;57.08;55.04;38.84;36.82;36.62;36.52;26.22
23.02;17.91;3.44;5.95;15.98;23.56;32.4;45.88;39.49;39.04;35.78;35.34;35.32;36.16;36.1;37.26;41.95;55.02;45.71;39.96;47.51;36;30.38;22.98
24.85;15.07;6.93;10.68;18.3;26.01;34.43;40;44.02;39.7;40.8;43.04;37.95;36.58;35.88;36.26;37.96;48.31;38.07;35.95;35.85;31.76;32.38;24.96
19.02;8.78;7.63;9.61;12.3;14.57;5.78;26.08;30.22;33.88;37.63;37.98;35.12;34.42;33.93;33.91;36.39;50.01;50.06;39.51;27.98;27.9;27.92;18.95
24.33;6.43;1.83;2.06;3.63;4.09;0.59;-0.06;15.07;26.43;33.58;36.81;39.19;33.77;29.62;24.77;34.11;42.56;46.98;43.18;35.34;34.1;39.42;30.2
21.17;23.22;23.14;22.4;20.7;18.82;35.01;46.06;50.29;51.6;54.87;59.1;53.77;52.04;49.98;50.41;61.17;78.17;68.94;47.88;39.07;35.12;32.33;34.92
25.65;25.92;24.97;22.99;22.97;27.53;36.03;45.92;46.04;43.67;45.09;46.08;42.02;43.9;42.5;40.76;49.27;63.46;59.9;46.45;39.03;36.48;35.93;33.91
32.03;28.36;27.29;23.96;26.98;29.74;38.58;53.35;58.01;52.82;51.18;53.3;46.34;45.41;41.98;42.67;50.04;65.48;55.96;45.03;38.46;35.68;36.55;31.21
24.92;18.86;15.1;10.1;7.75;22.18;32.5;40.8;37.79;37.9;37.99;38.96;40.29;39.46;40.71;41.72;45.66;52.69;50.43;48.01;40.89;37.65;36.64;33.69
30.63;28.26;30.52;28.04;28.24;33.93;41.92;56.72;50.21;51;53.6;55.98;50.93;47.25;43.78;42.24;50.98;67.98;54.92;46.02;42.58;41.21;38.83;36.08
33.28;32.25;28.5;27;23.81;23.58;24.61;29.3;33.73;37.29;38.27;38.5;38.35;34.76;34.15;33.51;36.81;39.92;43.91;38.22;35.51;33.37;33.94;32.71
27.46;22.98;15.91;3.48;10.14;10.14;0.92;11;21.18;30.18;35.8;36.5;38.51;33.57;29.12;29.91;30.63;38.09;37.11;36.26;35.99;33.43;33.65;32
24.09;18.98;10.48;10.27;10.42;26.93;36.56;49.31;46.43;42.87;43.47;46.09;46.51;45.1;42.5;44.53;48.08;63.95;58.81;48.75;41.72;37.74;36.62;32.33
24.08;23.89;20.08;13.88;14.04;21.25;33.45;44.03;38.73;41.36;43.71;46.73;44.41;42.38;40.77;39.55;47.7;60.09;60.54;53.57;47.26;43.01;39.37;34.58
31.04;29.49;26.06;27.91;27.93;30.06;37.3;52.86;56.06;53.61;51.07;52.28;50.54;49.93;49.07;48.08;55.56;67.52;65.62;57.77;43.25;37.68;38.72;34.47
28.72;27.51;25.85;25.98;27.99;33.47;37.43;49.14;51.09;49.99;48.65;51.05;50.34;45.54;41.1;39.62;46.08;59.93;55.57;47.21;40.01;37.39;37.61;33.39
32.11;27.82;25.95;21.44;23.51;28.38;37.29;46.73;44.82;47.45;48.39;49.97;46.06;46.05;41.38;40.01;45.09;55.52;54.89;48;45.82;39.86;42.28;36.2
34.74;33.22;32.71;30.78;30.72;27.81;26.63;33.65;36.78;38.79;40.06;43.28;43.83;38.89;37.46;36.97;39.6;51.61;52.57;45.3;37.47;36.52;37.01;34.16
30.63;27.08;28.44;28.22;24.29;21.18;12.42;21.11;27.12;31.3;37.09;38.22;37.48;37.75;36.43;34.68;39.18;45.83;51.37;46.01;40.12;38.28;37.65;35.96
34.16;31.7;33.41;30.29;30.76;30.79;31.16;53.44;63.55;59.1;55.21;57.97;52.03;52.94;52.1;54.67;73.03;88.48;77;53.95;39.96;38.11;38.3;30.23
35.69;32.59;31.04;31.52;32.68;34.85;40.7;78.9;76.21;74.59;68.54;67.51;65.92;66.25;65.62;63.98;73.07;103.17;75.03;63.87;52.07;40.6;42.01;37.01
35.81;34.42;33.15;34.31;34.03;35.49;39.41;69.92;85.51;75.48;75.25;78.23;69.87;61.51;60.88;64.89;68.9;112.34;95.3;74.65;52.19;50.95;51.2;39.31
36.99;36.09;34.98;33.69;33.56;36.61;41.78;67.06;63.44;55.95;59.91;51.08;57.05;61.93;52.06;53.74;68.82;69.04;56.82;46.08;43.94;40;40.07;37.84
38.16;34.57;33.86;29.06;31.24;34.56;38.96;46.04;52.43;49.83;48.66;48.48;46.07;44.81;40.46;41.65;48.03;59.86;52.92;48.57;40.99;39.72;39.36;39.12
39.66;37.83;37.13;36.52;32.64;30.59;27.25;35.07;38.55;43.27;44.97;43.58;43.03;39.66;38.78;41.1;53.1;67.99;62;50.09;43.08;38.46;41.66;37.6
47.52;37.92;32.39;28.27;25.97;19.87;-0.08;2.58;21.47;29.26;37.2;40.01;39.13;38.77;36.43;35.08;38.74;52.02;51.48;50.04;40.79;38.77;46.55;38.25
36.31;29.02;20.3;2.15;4.11;27.67;43.1;49.07;39.9;40.81;40.4;42.92;42.2;41.65;41.79;41.97;45.08;62.4;54.99;49.07;43.52;41.23;43.62;37.54
27.33;27.26;27.33;23.57;22.61;27.33;38.07;39.68;42.24;45.05;45.09;45.04;44.41;44.33;45.01;47.98;51.07;65.07;53.43;43.97;41.49;42.03;43.29;37.97
35.98;34.23;27.9;23.46;23.49;29.72;39.2;57.32;60.77;46.39;41.57;40.99;40.61;40.33;40.44;39.27;41.21;50.09;45.91;42.68;36.62;38.62;38.75;34.07
34.5;27.92;23.82;21.08;16.86;21.05;12.97;33.04;34.43;41.93;42.87;44.08;41.29;38.88;37.49;35.76;42.62;50.02;43.88;35.91;35.24;32.43;37;35.06
21.09;14.9;0.2;3.04;1;-0.04;-38.01;0.2;8.02;16.44;20;30.29;25.95;12.22;-0.74;-1.93;0.19;14.95;14.98;18.44;10.78;17.88;16.08;-32.8
-119.9;-119.96;-119.98;-119.98;-119.97;-119.98;-199.99;-199.94;-119.96;-36.1;6.86;30.95;27.81;22.97;2.9;21.33;30.69;42.59;42.5;41.07;40.03;38.32;42.91;31.18
31.9;20.59;6.32;4.53;3.65;0.43;-5.04;3.61;20.58;29.04;36.43;40.62;40.06;35.49;30.25;26.01;26.6;41.35;46;46.96;40.04;37.11;38.27;23.43
20.01;18.28;20.85;11.85;9.94;13.35;20.03;31.99;36.52;40.58;41.89;43.04;43.05;40.64;38.85;37.57;42.77;60.56;61.11;59.49;51.69;41.6;42.13;36.35
28.93;26.11;21.98;19.99;20.06;18.21;27.93;38.77;40.52;40.2;41.05;42.91;46.07;39.11;37.08;35.53;38.92;48.83;45.97;42.19;37.62;32.62;33.03;25.82
15.79;14.03;8.79;7.54;9.84;10.64;16.78;29.06;34.59;39.96;40.17;41.33;42.12;41.26;38.65;34.41;40.46;50.09;52.04;45.42;39.18;36.73;39.36;29.02
21.98;14.12;11.13;10;10.29;10.26;10.32;21.09;28.92;33.17;35.02;38.1;40.72;40.37;35.83;31.3;34.41;44.95;40.66;33.09;26.46;24.13;30.61;27.24
